{"DocumentTypeId":"HildunGroup.AccountsPayable.InvoiceTasha","FormId":"881e6c00","FormName":"Tasha","OriginalFileExtension":"pdf","Pages":[{"Page":0,"Size":[0.0,0.0,612.0,792.0],"SkewAngle":0.0396,"Evidence":[{"Text":"Invoice","Box":[24.504,250.9896,60.9672,10.1232]},{"Text":"Page","Box":[33.7176,501.5568,21.3648,8.8968]},{"Text":"1","Box":[33.9432,539.9568,3.6048,6.9624]},{"Text":"Sold","Box":[147.5616,36.7536,18.9648,6.972]},{"Text":"Ship","Box":[148.0656,349.716,19.2048,8.892]}],"Fields":[{"Field":"HildunGroup.AccountsPayable.InvoiceTasha.InvoiceNumber","Box":[22.8878,316.4488,55.7268,16.9171]},{"Field":"HildunGroup.AccountsPayable.InvoiceTasha.InvoiceDate","Box":[724.4488,106.478,47.7659,11.9415]}],"Tables":[]}]}