{"DocumentTypeId":"HildunGroup.AccountsPayable.InvoiceZANEROBE","FormId":"e3a5dda4","FormName":"ZanerobeSinglePage","OriginalFileExtension":"pdf","Pages":[{"Page":0,"Size":[0.0,0.0,612.0,792.0],"SkewAngle":-0.6629,"Evidence":[{"Text":"ZANEROBE","Box":[48.9835,55.9986,206.9653,47.1394]},{"Text":"INVOICE","Box":[132.2002,58.5356,91.5656,18.8765]},{"Text":"Invoice","Box":[131.4117,375.5998,27.3772,7.8461]},{"Text":"Date","Box":[131.9933,405.6077,18.0014,7.2686]},{"Text":"Item","Box":[299.3501,58.2817,16.3293,7.4821]}],"Fields":[{"Field":"HildunGroup.AccountsPayable.InvoiceZANEROBE.ShipTo","Box":[627.922,96.5268,144.2927,40.8]}],"Tables":[]}]}