{"DataContractVersion":"1.1","DocumentTypes":[{"DocumentTypeId":"HildunGroup.AccountsPayable.Rails","Group":"Hildun Group","Category":"Accounts Payable","Name":"Rails","OptionalUniqueIdentifier":null,"TypeField":{"FieldId":"HildunGroup.AccountsPayable.Rails.DocumentType","FieldName":"Document Type"},"Fields":[{"FieldId":"HildunGroup.AccountsPayable.Rails.CompanyName","FieldName":"Company Name","IsMultiValue":false,"Type":"Text","DeriveFieldsFormat":"","Components":[],"SetValues":[],"Metadata":[{"Key":"RequiresReference","Value":"true"}]},{"FieldId":"HildunGroup.AccountsPayable.Rails.CompanyAddress","FieldName":"Company Address","IsMultiValue":false,"Type":"Address","DeriveFieldsFormat":"","Components":[],"SetValues":[],"Metadata":[{"Key":"RequiresReference","Value":"true"}]},{"FieldId":"HildunGroup.AccountsPayable.Rails.InvoiceNumber","FieldName":"Invoice Number","IsMultiValue":false,"Type":"Text","DeriveFieldsFormat":"","Components":[],"SetValues":[],"Metadata":[{"Key":"RequiresReference","Value":"true"}]},{"FieldId":"HildunGroup.AccountsPayable.Rails.InvoiceDate","FieldName":"Invoice Date","IsMultiValue":false,"Type":"Text","DeriveFieldsFormat":"","Components":[],"SetValues":[],"Metadata":[{"Key":"RequiresReference","Value":"true"}]},{"FieldId":"HildunGroup.AccountsPayable.Rails.BillTo","FieldName":"Bill To","IsMultiValue":false,"Type":"Address","DeriveFieldsFormat":"","Components":[],"SetValues":[],"Metadata":[{"Key":"RequiresReference","Value":"true"}]},{"FieldId":"HildunGroup.AccountsPayable.Rails.ShipTo","FieldName":"Ship To","IsMultiValue":false,"Type":"Address","DeriveFieldsFormat":"","Components":[],"SetValues":[],"Metadata":[{"Key":"RequiresReference","Value":"true"}]},{"FieldId":"HildunGroup.AccountsPayable.Rails.Total","FieldName":"Total","IsMultiValue":false,"Type":"Text","DeriveFieldsFormat":"","Components":[],"SetValues":[],"Metadata":[{"Key":"RequiresReference","Value":"true"}]},{"FieldId":"HildunGroup.AccountsPayable.Rails.Balance","FieldName":"Balance","IsMultiValue":false,"Type":"Text","DeriveFieldsFormat":"","Components":[],"SetValues":[],"Metadata":[{"Key":"RequiresReference","Value":"true"}]}]}],"Groups":[{"Name":"Hildun Group","Categories":["Accounts Payable"]}],"SupportedLanguages":[{"Name":"Undetermined Language","Code":"und"},{"Name":"Bulgarian","Code":"bul"},{"Name":"Cantonese","Code":"yue"},{"Name":"Danish","Code":"dan"},{"Name":"Dutch","Code":"nld"},{"Name":"English","Code":"eng"},{"Name":"French","Code":"fra"},{"Name":"Georgian","Code":"kat"},{"Name":"German","Code":"deu"},{"Name":"Greek","Code":"ell"},{"Name":"Hebrew","Code":"heb"},{"Name":"Hindi","Code":"hin"},{"Name":"Italian","Code":"ita"},{"Name":"Japanese","Code":"jpn"},{"Name":"Korean","Code":"kor"},{"Name":"Macedonian","Code":"mkd"},{"Name":"Mandarin","Code":"zho"},{"Name":"Marathi","Code":"mar"},{"Name":"Norwegian","Code":"nor"},{"Name":"Polish","Code":"pol"},{"Name":"Portuguese","Code":"por"},{"Name":"Romanian","Code":"ron"},{"Name":"Russian","Code":"rus"},{"Name":"Serbian","Code":"srp"},{"Name":"Spanish","Code":"spa"},{"Name":"Swedish","Code":"swe"},{"Name":"Telugu","Code":"tel"}]}