{"DocumentTypeId":"HildunGroup.AccountsPayable.Rails","FormId":"c0f5e9c2","FormName":"Rails-3Page","OriginalFileExtension":"pdf","Pages":[{"Page":0,"Size":[0.0,0.0,612.0,792.0],"SkewAngle":-0.1203,"Evidence":[{"Text":"Ship","Box":[277.2391,62.7433,16.8501,7.9738]},{"Text":"B.O.L.","Box":[274.3503,172.6755,23.0825,6.7842]},{"Text":"Contact","Box":[274.5679,276.3554,29.5626,6.8001]},{"Text":"Phone","Box":[274.7446,361.5555,23.3225,6.79]},{"Text":"I","Box":[765.5089,571.2468,3.4006,6.2614]}],"Fields":[{"Field":"HildunGroup.AccountsPayable.Rails.CompanyName","Box":[87.5707,54.7317,140.3122,14.9268]},{"Field":"HildunGroup.AccountsPayable.Rails.CompanyAddress","Box":[99.5122,41.7951,212.9561,46.7707]},{"Field":"HildunGroup.AccountsPayable.Rails.InvoiceNumber","Box":[39.8049,486.6146,58.7122,14.9268]},{"Field":"HildunGroup.AccountsPayable.Rails.InvoiceDate","Box":[112.4488,489.6,49.7561,7.961]},{"Field":"HildunGroup.AccountsPayable.Rails.BillTo","Box":[173.1512,46.7707,155.239,61.6976]},{"Field":"HildunGroup.AccountsPayable.Rails.ShipTo","Box":[192.0585,337.3463,154.2439,53.7366]}],"Tables":[]},{"Page":1,"Size":[0.0,0.0,612.0,792.0],"SkewAngle":-0.1772,"Evidence":[{"Text":"Ship","Box":[275.9702,62.6971,16.8731,7.9988]},{"Text":"B.O.L.","Box":[272.9518,172.3928,23.3433,6.8163]},{"Text":"Contact","Box":[273.2725,276.3127,29.5832,6.8375]},{"Text":"Phone","Box":[273.5326,361.2735,23.5818,6.5813]},{"Text":"2","Box":[764.0217,570.239,4.3794,6.5213]}],"Fields":[],"Tables":[]},{"Page":2,"Size":[0.0,0.0,612.0,792.0],"SkewAngle":-0.2151,"Evidence":[{"Text":"B.O.L.","Box":[272.6613,172.6859,23.3546,6.8357]},{"Text":"Ship","Box":[275.6073,62.9846,16.8884,8.0142]},{"Text":"Contact","Box":[273.0489,276.6059,29.5947,6.8622]},{"Text":"Phone","Box":[273.3666,361.8068,23.1127,6.6012]},{"Text":"3","Box":[764.2357,570.2026,4.157,6.7653]}],"Fields":[{"Field":"HildunGroup.AccountsPayable.Rails.Total","Box":[408.9951,525.4244,52.7415,13.9317]},{"Field":"HildunGroup.AccountsPayable.Rails.Balance","Box":[432.878,512.4878,65.678,14.9268]}],"Tables":[]}]}