{"DocumentTypeId":"HildunGroup.AccountsPayable.InvoiceZANEROBE","FormId":"7b6f3e62","FormName":"ZANEROBE_1Page","OriginalFileExtension":"pdf","Pages":[{"Page":0,"Size":[0.0,0.0,612.0,792.0],"SkewAngle":-0.4384,"Evidence":[{"Text":"ZANEROBE","Box":[49.3105,54.6182,206.4499,46.1302]},{"Text":"INVOICE","Box":[134.6284,57.0183,91.3555,18.1744]},{"Text":"Item","Box":[301.4996,57.0941,16.4894,7.6281]},{"Text":"Description","Box":[301.8924,108.1887,42.4435,9.2638]},{"Text":"Quantity","Box":[303.3335,328.0238,32.3636,9.1898]}],"Fields":[],"Tables":[]},{"Page":1,"Size":[0.0,0.0,612.0,792.0],"SkewAngle":-0.2682,"Evidence":[{"Text":"PAYMENT","Box":[607.6576,56.2707,108.4817,17.9321]},{"Text":"ICE","Box":[608.1603,213.8308,42.8415,17.613]},{"Text":"Enter","Box":[681.9569,433.3134,18.5651,6.1214]},{"Text":"amount","Box":[682.3501,466.671,25.7651,6.1604]},{"Text":"paying","Box":[682.3745,522.3395,22.1833,7.578]},{"Text":"amve","Box":[682.48,546.5933,21.203,6.148]}],"Fields":[{"Field":"HildunGroup.AccountsPayable.InvoiceZANEROBE.ShipTo","Box":[631.9024,95.5317,139.3171,46.7707]}],"Tables":[]}]}